name,datetime,tempmax,tempmin,temp,feelslikemax,feelslikemin,feelslike,dew,humidity,precip,precipprob,precipcover,preciptype,snow,snowdepth,windgust,windspeed,winddir,sealevelpressure,cloudcover,visibility,solarradiation,solarenergy,uvindex,severerisk,sunrise,sunset,moonphase,conditions,description,icon,stations
wadi run jordan,2008-01-01,21.7,6.6,14.1,21.7,6.6,13.9,1.4,43.23,0,,0,,,,,13.9,127.4,1011.9,44.7,9.5,,,0,,2008-01-01T06:33:13,2008-01-01T16:50:03,0.81,Partially cloudy,Partly cloudy throughout the day.,partly-cloudy-day,"40199099999,40198099999,40340099999,40310099999,62465599999"
wadi run jordan,2008-01-02,20.9,6.1,13.4,20.9,5.7,13.3,0.7,44.22,0,,0,,,,,13.2,276.6,1014.2,5.5,9.7,,,0,,2008-01-02T06:33:28,2008-01-02T16:50:45,0.86,Clear,Clear conditions throughout the day.,clear-day,"40199099999,40198099999,40340099999,40310099999,62465599999"
wadi run jordan,2008-01-03,19,4.1,11.6,19,1.7,11.4,1.1,49.98,0,,0,,,,,17.5,289.6,1016.3,6.9,10,,,0,,2008-01-03T06:33:41,2008-01-03T16:51:28,0.9,Clear,Clear conditions throughout the day.,clear-day,"40199099999,40198099999,40340099999,40310099999,62465599999"
wadi run jordan,2008-01-04,18.9,5.1,12.5,18.9,5.1,12.5,4.2,58.95,0,,0,,,,,16.5,242,1019.8,22.4,10.2,,,0,,2008-01-04T06:33:53,2008-01-04T16:52:12,0.93,Partially cloudy,Partly cloudy throughout the day.,partly-cloudy-day,"40199099999,40198099999,40340099999,40310099999,62465599999"
wadi run jordan,2008-01-05,17.8,6.6,12.9,17.8,6.6,12.9,4.4,58.04,0,,0,,,,,19.6,320.9,1022.9,29.9,10.3,,,0,,2008-01-05T06:34:03,2008-01-05T16:52:56,0.96,Partially cloudy,Partly cloudy throughout the day.,partly-cloudy-day,"40199099999,40198099999,40340099999,40310099999,62465599999"
wadi run jordan,2008-01-06,17.9,5.6,11.5,17.9,4.2,11,2.6,57.2,0,,0,,,,,19.7,175.1,1022.7,12.6,9.6,,,0,,2008-01-06T06:34:12,2008-01-06T16:53:42,0.99,Clear,Clear conditions throughout the day.,clear-day,"40199099999,40198099999,40340099999,40310099999,62465599999"
wadi run jordan,2008-01-07,16.6,2,9.7,16.6,-1.3,9.1,0,54.26,0,,0,,,,,16.6,171.5,1020.4,2.3,9.6,,,0,,2008-01-07T06:34:19,2008-01-07T16:54:28,1,Clear,Clear conditions throughout the day.,clear-day,"40199099999,40198099999,40340099999,40310099999,62465599999"
wadi run jordan,2008-01-08,18.4,3.1,10.6,18.4,0.7,10.1,1.5,55.06,0,,0,,,,,16.1,183.5,1018.2,1,9.9,,,0,,2008-01-08T06:34:25,2008-01-08T16:55:15,0,Clear,Clear conditions throughout the day.,clear-day,"40199099999,40198099999,40340099999,40310099999,62465599999"
wadi run jordan,2008-01-09,19.7,4.1,12.5,19.7,1.7,12.2,4.7,61.07,0,,0,,,,,25.8,139.1,1015.2,23.5,9.3,,,0,,2008-01-09T06:34:28,2008-01-09T16:56:02,0.01,Partially cloudy,Partly cloudy throughout the day.,partly-cloudy-day,"40199099999,40198099999,40340099999,40310099999,62465599999"
wadi run jordan,2008-01-10,12.6,8.7,11,12.6,6.1,10.7,7.7,80.74,0,,0,,,,,31.2,163,1013.9,44.8,6.9,,,0,,2008-01-10T06:34:31,2008-01-10T16:56:50,0.02,Partially cloudy,Partly cloudy throughout the day.,wind,"40199099999,40198099999,40340099999,40310099999"
wadi run jordan,2008-01-11,14.5,3.6,9,14.5,1.6,8.3,0.8,60.45,0,,0,,,,,29.8,240,1019.3,6.5,9.2,,,0,,2008-01-11T06:34:31,2008-01-11T16:57:38,0.05,Clear,Clear conditions throughout the day.,clear-day,"40199099999,40198099999,40340099999,40310099999"
wadi run jordan,2008-01-12,13.7,-0.9,6.8,13.7,-2.8,5.4,-4,48.59,0,,0,,,,,27.6,127.8,1020.7,0,9.4,,,0,,2008-01-12T06:34:30,2008-01-12T16:58:27,0.08,Clear,Clear conditions throughout the day.,clear-day,"40199099999,40198099999,40340099999,40310099999"
wadi run jordan,2008-01-13,14.2,-2.9,6.9,14.2,-6.6,5.4,-4.5,46.52,0,,0,,,,,32.2,208.4,1021.5,0,9.4,,,0,,2008-01-13T06:34:27,2008-01-13T16:59:17,0.13,Clear,Clear conditions throughout the day.,wind,"40199099999,40198099999,40340099999,40310099999"
wadi run jordan,2008-01-14,13.3,-2.9,6.4,13.3,-2.9,5.1,-6.9,41.53,0,,0,,,,,24.6,132.2,1022.8,0,9.2,,,0,,2008-01-14T06:34:23,2008-01-14T17:00:07,0.18,Clear,Clear conditions throughout the day.,clear-day,"40199099999,40198099999,40340099999,40310099999,62465599999"
wadi run jordan,2008-01-15,13.6,-2,6.2,13.6,-2.2,4.7,-8.3,37.48,0,,0,,,,,25.2,149.2,1023.7,0,9.5,,,0,,2008-01-15T06:34:17,2008-01-15T17:00:57,0.23,Clear,Clear conditions throughout the day.,clear-day,"40199099999,40198099999,40340099999,40310099999,62465599999"
wadi run jordan,2008-01-16,16.3,-3.9,6.5,16.3,-5.8,5.1,-10.1,32.55,0,,0,,,,,18.1,174.5,1022.7,4.1,9.6,,,0,,2008-01-16T06:34:09,2008-01-16T17:01:48,0.28,Clear,Clear conditions throughout the day.,clear-day,"40199099999,40198099999,40340099999,40310099999,62465599999"
wadi run jordan,2008-01-17,16.8,-2.9,7.7,16.8,-2.9,6.9,-10.7,28.5,0,,0,,,,,24.7,152.3,1020.3,16.9,9.1,,,0,,2008-01-17T06:34:00,2008-01-17T17:02:38,0.35,Clear,Clear conditions throughout the day.,clear-day,"40199099999,40198099999,40340099999,40310099999,62465599999"
wadi run jordan,2008-01-18,17,1,9,17,-0.7,8.1,-10,26.25,0,,0,,,,,25.4,260,1016,10.6,9.2,,,0,,2008-01-18T06:33:49,2008-01-18T17:03:30,0.4,Clear,Clear conditions throughout the day.,clear-day,"40199099999,40198099999,40340099999,40310099999,62465599999"
wadi run jordan,2008-01-19,17.5,0.5,9.7,17.5,-0.1,9.2,-7.2,30.86,0,,0,,,,,23,246.1,1015,16.7,9.4,,,0,,2008-01-19T06:33:36,2008-01-19T17:04:21,0.44,Clear,Clear conditions throughout the day.,clear-day,"40199099999,40198099999,40340099999,40310099999,62465599999"
wadi run jordan,2008-01-20,16.7,3.1,10.4,16.7,3.1,10.1,-5.9,32.25,0,,0,,,,,21.1,183,1015.7,28.6,9.3,,,0,,2008-01-20T06:33:22,2008-01-20T17:05:13,0.47,Partially cloudy,Partly cloudy throughout the day.,partly-cloudy-day,"40199099999,40198099999,40340099999,40310099999,62465599999"
wadi run jordan,2008-01-21,17.3,4.6,11.9,17.3,4.6,11.8,-3.3,35.22,0,,0,,,,,25.5,175.4,1016,29,9,,,0,,2008-01-21T06:33:06,2008-01-21T17:06:04,0.49,Partially cloudy,Partly cloudy throughout the day.,partly-cloudy-day,"40199099999,40198099999,40340099999,40310099999,62465599999"
wadi run jordan,2008-01-22,12.3,9.1,10.6,12.3,7.2,10.3,4.8,68.67,11.61,,12.5,,,,,17.9,194,1011.8,61.8,8.1,,,0,,2008-01-22T06:32:48,2008-01-22T17:06:56,0.5,"Rain, Partially cloudy",Partly cloudy throughout the day with rain.,rain,"40199099999,40198099999,40340099999,40310099999,62465599999"
wadi run jordan,2008-01-23,16.8,8.1,12.6,16.8,5.3,12.2,7.3,71.85,4,,8.33,,,,,22.9,279.7,1015.2,62.2,9,,,0,,2008-01-23T06:32:29,2008-01-23T17:07:48,0.51,"Rain, Partially cloudy",Partly cloudy throughout the day with rain in the morning and afternoon.,rain,"40199099999,40198099999,40340099999,40310099999,62465599999"
wadi run jordan,2008-01-24,14.7,4.5,9.2,14.7,3.5,8.4,5.9,80.88,0,,0,,,,,27.5,145.6,1018.2,8,6.8,,,0,,2008-01-24T06:32:09,2008-01-24T17:08:40,0.53,Clear,Clear conditions throughout the day.,clear-day,"40199099999,40198099999,40340099999,40310099999,62465599999"
wadi run jordan,2008-01-25,18.6,4.1,11.1,18.6,3.8,10.8,4.1,64.96,0,,0,,,,,14.6,196,1012.5,19,7.5,,,0,,2008-01-25T06:31:46,2008-01-25T17:09:32,0.55,Clear,Clear conditions throughout the day.,clear-day,"40199099999,40198099999,40340099999,40310099999,62465599999"
wadi run jordan,2008-01-26,16.5,6.5,12.2,16.5,4.1,11.8,4.5,60.92,2,,4.17,,,,,17.4,247.3,1013.1,39.5,9.4,,,0,,2008-01-26T06:31:22,2008-01-26T17:10:24,0.59,"Rain, Partially cloudy",Partly cloudy throughout the day with late afternoon rain.,rain,"40199099999,40198099999,40340099999,40310099999,62465599999"
wadi run jordan,2008-01-27,14.3,5.1,11.2,14.3,3.9,11,5.6,69.22,0.8,,4.17,,,,,11.1,271.7,1017.1,57.6,9.8,,,0,,2008-01-27T06:30:57,2008-01-27T17:11:15,0.63,"Rain, Partially cloudy",Partly cloudy throughout the day with early morning rain.,rain,"40199099999,40198099999,40340099999,40310099999,62465599999"
wadi run jordan,2008-01-28,18.5,3.1,11.5,18.5,1.6,11.4,3.5,61.4,0,,0,,,,,18.9,217.3,1016.3,15.8,9.2,,,0,,2008-01-28T06:30:30,2008-01-28T17:12:07,0.67,Clear,Clear conditions throughout the day.,clear-day,"40199099999,40198099999,40340099999,40310099999,62465599999"
wadi run jordan,2008-01-29,18.5,7.1,13.2,18.5,3.5,12.5,2,48.09,1,,4.17,,,,,41.8,221.7,1012.2,46.6,8,,,0,,2008-01-29T06:30:02,2008-01-29T17:12:59,0.72,"Rain, Partially cloudy",Becoming cloudy in the afternoon with late afternoon rain.,rain,"40199099999,40198099999,40340099999,40310099999,62465599999"
wadi run jordan,2008-01-30,12.5,3.6,9.2,12.5,-1.6,7.6,-1.3,48.79,0,,0,,,,,33.3,245.5,1016.4,58.2,8.7,,,0,,2008-01-30T06:29:32,2008-01-30T17:13:50,0.77,Partially cloudy,Partly cloudy throughout the day.,wind,"40199099999,40198099999,40340099999,40310099999,62465599999"
wadi run jordan,2008-01-31,13.5,3.6,9,13.5,-2.4,7.2,-1.1,50.13,1.5,,8.33,,,2,,40.3,277.5,1022.2,61.4,9.4,,,0,,2008-01-31T06:29:00,2008-01-31T17:14:41,0.81,"Rain, Partially cloudy",Partly cloudy throughout the day with rain in the morning and afternoon.,rain,"40199099999,40198099999,40340099999,40310099999,62465599999"
wadi run jordan,2008-02-01,15.1,0.1,8,15.1,-3.5,7.5,-0.7,57.47,0,,0,,,,,18.9,204.3,1025.4,3.1,9.9,,,0,,2008-02-01T06:28:27,2008-02-01T17:15:33,0.86,Clear,Clear conditions throughout the day.,clear-day,"40199099999,40198099999,40340099999,40310099999,62465599999"
wadi run jordan,2008-02-02,18.8,-1.4,10.2,18.8,-3.5,9.8,0.5,54.13,0,,0,,,,,25.9,178,1023.3,0.2,9.5,,,0,,2008-02-02T06:27:53,2008-02-02T17:16:23,0.9,Clear,Clear conditions throughout the day.,clear-day,"40199099999,40198099999,40340099999,40310099999,62465599999"
wadi run jordan,2008-02-03,19.7,5.5,12.3,19.7,4.2,11.8,3.5,57.9,0,,0,,,,,26.6,136.3,1023.1,0,9,,,0,,2008-02-03T06:27:17,2008-02-03T17:17:14,0.94,Clear,Clear conditions throughout the day.,clear-day,"40199099999,40198099999,40340099999,40310099999,62465599999"
wadi run jordan,2008-02-04,20.7,3.1,12.7,20.7,3.1,12.4,1.9,52.45,0,,0,,,,,23.3,157.5,1019.3,6.4,9,,,0,,2008-02-04T06:26:40,2008-02-04T17:18:05,0.97,Clear,Clear conditions throughout the day.,clear-day,"40199099999,40198099999,40340099999,40310099999,62465599999"
wadi run jordan,2008-02-05,22,4,13.3,22,4,13.1,-1.3,40.28,0,,0,,,,,20.2,149,1017.4,6.3,9.3,,,0,,2008-02-05T06:26:01,2008-02-05T17:18:55,0.99,Clear,Clear conditions throughout the day.,clear-day,"40199099999,40198099999,40340099999,40310099999,62465599999"
wadi run jordan,2008-02-06,21.8,6.1,13.8,21.8,4.8,13.7,-2.3,35.26,0,,0,,,,,18.9,135.5,1014.8,7.3,9.6,,,0,,2008-02-06T06:25:21,2008-02-06T17:19:45,1,Clear,Clear conditions throughout the day.,clear-day,"40199099999,40198099999,40340099999,40310099999,62465599999"
wadi run jordan,2008-02-07,21.3,6.5,14,21.3,5.6,13.7,-2,34.25,0,,0,,,,,22.6,249.2,1013.8,0,9.4,,,0,,2008-02-07T06:24:40,2008-02-07T17:20:34,0,Clear,Clear conditions throughout the day.,clear-day,"40199099999,40198099999,40340099999,40310099999,62465599999"
wadi run jordan,2008-02-08,20.1,5.1,12.9,20.1,3.3,12.8,2.5,52,0,,0,,,,,14.6,204.6,1016.9,1.6,9.5,,,0,,2008-02-08T06:23:58,2008-02-08T17:21:23,0.01,Clear,Clear conditions throughout the day.,clear-day,"40199099999,40198099999,40340099999,40310099999,62465599999"
wadi run jordan,2008-02-09,24.3,4.6,14.4,24.3,4.6,14.4,2.1,47.73,0,,0,,,,,15.2,113.5,1017.9,2.8,9,,,0,,2008-02-09T06:23:14,2008-02-09T17:22:12,0.03,Clear,Clear conditions throughout the day.,clear-day,"40199099999,40198099999,40340099999,40310099999,62465599999"
wadi run jordan,2008-02-10,25.4,8.1,17.4,25.4,8.1,17.4,0,33.11,0,,0,,,,,16.3,274.4,1014.6,1.8,8.5,,,0,,2008-02-10T06:22:29,2008-02-10T17:23:01,0.07,Clear,Clear conditions throughout the day.,clear-day,"40199099999,40198099999,40340099999,40310099999,62465599999"
wadi run jordan,2008-02-11,22.1,6.6,15.1,22.1,6.4,15,0.5,40.52,0,,0,,,,,15.9,252.4,1014.8,0,9.4,,,0,,2008-02-11T06:21:42,2008-02-11T17:23:49,0.11,Clear,Clear conditions throughout the day.,clear-day,"40199099999,40198099999,40340099999,40310099999,62465599999"
wadi run jordan,2008-02-12,20,7.1,14.1,20,5.3,13.8,2.2,45.66,0,,0,,,,,20.1,301.9,1018.2,32.2,9.9,,,0,,2008-02-12T06:20:55,2008-02-12T17:24:37,0.16,Partially cloudy,Becoming cloudy in the afternoon.,partly-cloudy-day,"40199099999,40198099999,40340099999,40310099999,62465599999"
wadi run jordan,2008-02-13,19.7,5.1,13,19.7,3.1,12.6,3.6,56.72,0,,0,,,,,12,276.9,1021,9.8,9.8,,,0,,2008-02-13T06:20:06,2008-02-13T17:25:24,0.21,Clear,Clear conditions throughout the day.,clear-day,"40199099999,40198099999,40340099999,40310099999,62465599999"
wadi run jordan,2008-02-14,18.9,3.6,11.5,18.9,3.6,11.2,2,55.11,0,,0,,,,,32.5,285.8,1018.3,31.1,8.8,,,0,,2008-02-14T06:19:16,2008-02-14T17:26:11,0.27,Partially cloudy,Partly cloudy throughout the day.,wind,"40199099999,40198099999,40340099999,40310099999,62465599999"
wadi run jordan,2008-02-15,16.9,4.6,10.9,16.9,1.6,10.1,2.4,58.1,0,,0,,,,,16.5,211.6,1021.5,23.1,9.6,,,0,,2008-02-15T06:18:25,2008-02-15T17:26:58,0.33,Partially cloudy,Partly cloudy throughout the day.,partly-cloudy-day,"40199099999,40198099999,40340099999,40310099999,62465599999"
wadi run jordan,2008-02-16,19.9,2.6,11.9,19.9,-0.1,11.1,1,52.33,0,,0,,,,,20.9,180.1,1018.3,0,9.7,,,0,,2008-02-16T06:17:33,2008-02-16T17:27:44,0.38,Clear,Clear conditions throughout the day.,clear-day,"40199099999,40198099999,40340099999,40310099999,62465599999"
wadi run jordan,2008-02-17,23.1,3.1,13.3,23.1,1,12.8,-1.6,39.56,0,,0,,,,,13.7,207.8,1013.5,4.3,9.8,,,0,,2008-02-17T06:16:40,2008-02-17T17:28:30,0.42,Clear,Clear conditions throughout the day.,clear-day,"40199099999,40198099999,40340099999,40310099999,62465599999"
wadi run jordan,2008-02-18,21.8,7.6,13.6,21.8,4.1,13.3,0.1,40.85,0,,0,,,,,43.8,277.5,1014.3,33.5,8.4,,,0,,2008-02-18T06:15:46,2008-02-18T17:29:16,0.46,Partially cloudy,Partly cloudy throughout the day.,wind,"40199099999,40198099999,40340099999,40310099999,62465599999"
wadi run jordan,2008-02-19,14.7,3.1,9.7,14.7,-0.2,8.7,-1.5,47.87,0,,0,,,,,24.7,297.9,1024.2,47.2,10.1,,,0,,2008-02-19T06:14:51,2008-02-19T17:30:01,0.48,Partially cloudy,Partly cloudy throughout the day.,partly-cloudy-day,"40199099999,40198099999,40340099999,40310099999,62465599999"
wadi run jordan,2008-02-20,17.1,3.1,10.8,17.1,-0.2,10,2.2,57.07,0,,0,,,,,19.4,262.1,1028.9,30.5,9.9,,,0,,2008-02-20T06:13:55,2008-02-20T17:30:45,0.5,Partially cloudy,Partly cloudy throughout the day.,partly-cloudy-day,"40199099999,40198099999,40340099999,40310099999,62465599999"
wadi run jordan,2008-02-21,20.7,5.1,12.7,20.7,1.4,11.9,1.7,51.3,0,,0,,,,,29.1,82.5,1026.8,1.2,9,,,0,,2008-02-21T06:12:58,2008-02-21T17:31:30,0.5,Clear,Clear conditions throughout the day.,clear-day,"40199099999,40198099999,40340099999,40310099999,62465599999"
wadi run jordan,2008-02-22,23.4,3.1,13.1,23.4,3.1,13,-2.4,39.09,0,,0,,,,,23.5,171.9,1021.7,11.7,8.8,,,0,,2008-02-22T06:12:00,2008-02-22T17:32:14,0.52,Clear,Clear conditions throughout the day.,clear-day,"40199099999,40198099999,40340099999,40310099999,62465599999"
wadi run jordan,2008-02-23,23.9,3.3,14.5,23.9,1.5,14,-3.5,31.69,0,,0,,,,,19.1,201.5,1016.7,12,8.4,,,0,,2008-02-23T06:11:01,2008-02-23T17:32:57,0.53,Clear,Clear conditions throughout the day.,clear-day,"40199099999,40198099999,40340099999,40310099999,62465599999"
wadi run jordan,2008-02-24,22.6,9.1,16.3,22.6,8,16.1,-2.3,28.76,0,,0,,,,,22.2,297.8,1012,23.3,8,,,0,,2008-02-24T06:10:01,2008-02-24T17:33:40,0.56,Partially cloudy,Partly cloudy throughout the day.,partly-cloudy-day,"40199099999,40198099999,40340099999,40310099999,62465599999"
wadi run jordan,2008-02-25,18.8,9.1,14.2,18.8,6.7,13.9,5.9,59.21,1,,4.17,,,,,22.7,276.8,1010.5,58.9,9.1,,,0,,2008-02-25T06:09:01,2008-02-25T17:34:23,0.6,"Rain, Partially cloudy",Partly cloudy throughout the day with late afternoon rain.,rain,"40199099999,40198099999,40340099999,40310099999,62465599999"
wadi run jordan,2008-02-26,16.6,4.6,12,16.6,1.8,11.3,5.8,67.31,2.63,,8.33,,,,,16.7,285.4,1017.1,53.2,9.5,,,0,,2008-02-26T06:07:59,2008-02-26T17:35:05,0.64,"Rain, Partially cloudy",Partly cloudy throughout the day with rain clearing later.,rain,"40199099999,40198099999,40340099999,40310099999,62465599999"
wadi run jordan,2008-02-27,20.7,4.6,13.3,20.7,4.6,13.2,5.3,62.13,0,,0,,,,,22.7,148.2,1021.2,0.2,9,,,0,,2008-02-27T06:06:57,2008-02-27T17:35:47,0.68,Clear,Clear conditions throughout the day.,clear-day,"40199099999,40198099999,40340099999,40310099999,62465599999"
wadi run jordan,2008-02-28,25.7,5.1,16.1,25.7,5.1,15.9,3.6,49.9,0,,0,,,,,13.1,190.7,1019.6,7.5,9.6,,,0,,2008-02-28T06:05:54,2008-02-28T17:36:29,0.73,Clear,Clear conditions throughout the day.,clear-day,"40199099999,40198099999,40340099999,40310099999,62465599999"
wadi run jordan,2008-02-29,26.1,8.1,17.7,26.1,8.1,17.7,4.1,44.49,0,,0,,,,,17.5,223,1015.4,11.2,9.1,,,0,,2008-02-29T06:04:51,2008-02-29T17:37:10,0.77,Clear,Clear conditions throughout the day.,clear-day,"40199099999,40198099999,40340099999,40310099999,62465599999"
wadi run jordan,2008-03-01,22.3,9.1,16.6,22.3,8.1,16.5,8.2,60.1,0,,0,,,,,24.6,227.3,1013.5,13.5,8.6,,,0,,2008-03-01T06:03:47,2008-03-01T17:37:51,0.82,Clear,Clear conditions throughout the day.,clear-day,"40199099999,40198099999,40340099999,40310099999,62465599999"
wadi run jordan,2008-03-02,21,9.1,15.6,21,7.7,15.5,6.5,57.3,0,,0,,,,,17.5,314.4,1014.6,11.7,9.2,,,0,,2008-03-02T06:02:42,2008-03-02T17:38:32,0.87,Clear,Clear conditions throughout the day.,clear-day,"40199099999,40198099999,40340099999,40310099999,62465599999"
wadi run jordan,2008-03-03,23.4,7.1,15.8,23.4,7.1,15.8,5.3,53.54,0,,0,,,,,18.4,272.5,1016.5,12.9,9.5,,,0,,2008-03-03T06:01:36,2008-03-03T17:39:12,0.91,Clear,Clear conditions throughout the day.,clear-day,"40199099999,40198099999,40340099999,40310099999,62465599999"
wadi run jordan,2008-03-04,24.6,6.6,16.6,24.6,6.6,16.6,4,48.31,0,,0,,,,,24.7,179,1016.8,0,9.3,,,0,,2008-03-04T06:00:30,2008-03-04T17:39:52,0.95,Clear,Clear conditions throughout the day.,clear-day,"40199099999,40198099999,40340099999,40310099999,62465599999"
wadi run jordan,2008-03-05,28.7,8.1,18.9,27.1,8.1,18.7,1.9,38.63,0,,0,,,,,18.6,139.2,1013,4.9,9.9,,,0,,2008-03-05T05:59:23,2008-03-05T17:40:31,0.98,Clear,Clear conditions throughout the day.,clear-day,"40199099999,40198099999,40340099999,40310099999,62465599999"
wadi run jordan,2008-03-06,31.5,11.1,20.9,29.4,11.1,20.5,-1.2,24.9,0,,0,,,,,19.1,157.4,1012.4,11.9,9.6,,,0,,2008-03-06T05:58:16,2008-03-06T17:41:10,1,Clear,Clear conditions throughout the day.,clear-day,"40199099999,40198099999,40340099999,40310099999,62465599999"
wadi run jordan,2008-03-07,32.4,12.1,22,30.1,12.1,21.4,-0.7,23.87,0,,0,,,,,21.2,249.3,1012,16.5,9.1,,,0,,2008-03-07T05:57:09,2008-03-07T17:41:49,1,Clear,Clear conditions throughout the day.,clear-day,"40199099999,40198099999,40340099999,40310099999,62465599999"
wadi run jordan,2008-03-08,34.2,12.7,24.2,31.7,12.7,23.4,0.4,22.49,0,,0,,,,,11.5,131.7,1011.1,27.8,7.9,,,0,,2008-03-08T05:56:00,2008-03-08T17:42:28,0,Partially cloudy,Partly cloudy throughout the day.,partly-cloudy-day,"40199099999,40198099999,40340099999,40310099999"
wadi run jordan,2008-03-09,32.1,16.1,25,29.8,16.1,24.2,-0.2,19.93,0,,0,,,,,16.7,175.9,1009.8,28.3,5.8,,,0,,2008-03-09T05:54:52,2008-03-09T17:43:06,0.02,Partially cloudy,Becoming cloudy in the afternoon.,partly-cloudy-day,"40199099999,40198099999,40340099999,40310099999,62465599999"
wadi run jordan,2008-03-10,30,18.2,24.2,28.3,18.2,23.7,3,26.59,0,,0,,,,,26,233.3,1010.6,16,7.2,,,0,,2008-03-10T05:53:43,2008-03-10T17:43:44,0.05,Clear,Clear conditions throughout the day.,clear-day,"40199099999,40198099999,40340099999,40310099999,62465599999"
wadi run jordan,2008-03-11,24.6,11.6,18.9,24.6,11.6,18.9,5.7,45.48,0,,0,,,,,33.4,195.5,1013.3,8.9,8.6,,,0,,2008-03-11T05:52:33,2008-03-11T17:44:22,0.09,Clear,Clear conditions throughout the day.,wind,"40199099999,40198099999,40340099999,40310099999,62465599999"
wadi run jordan,2008-03-12,24.9,10.6,17.8,24.9,10.6,17.8,2.7,39.88,0,,0,,,,,28.3,187.3,1010.2,2.1,9.5,,,0,,2008-03-12T05:51:24,2008-03-12T17:45:00,0.14,Clear,Clear conditions throughout the day.,clear-day,"40199099999,40198099999,40340099999,40310099999,62465599999"
wadi run jordan,2008-03-13,22.1,8.6,16.7,22.1,7.3,16.6,2.6,41.04,0,,0,,,,,27.3,288,1009,15.2,9.1,,,0,,2008-03-13T05:50:13,2008-03-13T17:45:37,0.2,Clear,Clear conditions throughout the day.,clear-day,"40199099999,40198099999,40340099999,40310099999,62465599999"
wadi run jordan,2008-03-14,24.5,8.1,17.2,24.5,6.9,17.1,5.9,50.66,0,,0,,,,,21.7,237.2,1013.5,1.3,9.7,,,0,,2008-03-14T05:49:03,2008-03-14T17:46:14,0.25,Clear,Clear conditions throughout the day.,clear-day,"40199099999,40198099999,40340099999,40310099999,62465599999"
wadi run jordan,2008-03-15,24.7,9.1,17.7,24.7,7.2,17.6,4.4,46.95,0,,0,,,,,22.6,285.8,1015.4,0.5,9.9,,,0,,2008-03-15T05:47:52,2008-03-15T17:46:51,0.31,Clear,Clear conditions throughout the day.,clear-day,"40199099999,40198099999,40340099999,40310099999,62465599999"
wadi run jordan,2008-03-16,25,8.1,17.3,25,6.5,17.2,-0.7,33.39,0,,0,,,,,37.3,179.4,1013,6.6,8.2,,,0,,2008-03-16T05:46:41,2008-03-16T17:47:28,0.36,Clear,Clear conditions throughout the day.,wind,"40199099999,40198099999,40340099999,40310099999,62465599999"
wadi run jordan,2008-03-17,29.7,9.1,20.8,27.9,7.7,20.4,-0.2,25.9,0,,0,,,,,25.6,213.2,1008.5,0.1,5.5,,,0,,2008-03-17T05:45:30,2008-03-17T17:48:05,0.41,Clear,Clear conditions throughout the day.,clear-day,"40199099999,40198099999,40340099999,40310099999,62465599999"
wadi run jordan,2008-03-18,30.4,13.6,22,28.5,13.6,21.5,2,30.12,0,,0,,,,,20.5,299.5,1009.6,2.5,5.3,,,0,,2008-03-18T05:44:19,2008-03-18T17:48:41,0.44,Clear,Clear conditions throughout the day.,clear-day,"40199099999,40198099999,40340099999,40310099999,62465599999"
wadi run jordan,2008-03-19,29.8,10.1,21.4,28,10.1,20.9,2.1,31.18,0,,0,,,,,12.6,221.6,1013,0.2,8.1,,,0,,2008-03-19T05:43:08,2008-03-19T17:49:17,0.47,Clear,Clear conditions throughout the day.,clear-day,"40199099999,40198099999,40340099999,40310099999,62465599999"
wadi run jordan,2008-03-20,31.5,12.1,22.6,29.4,12.1,22,1.5,26.82,0,,0,,,,,16.3,186.1,1012.5,0,9,,,0,,2008-03-20T05:41:56,2008-03-20T17:49:53,0.49,Clear,Clear conditions throughout the day.,clear-day,"40199099999,40198099999,40340099999,40310099999,62465599999"
wadi run jordan,2008-03-21,34.2,13.5,23.8,31.8,13.5,23,2.3,26.96,0,,0,,,,,14.9,243.5,1009.7,2.7,9.4,,,0,,2008-03-21T05:40:44,2008-03-21T17:50:29,0.5,Clear,Clear conditions throughout the day.,clear-day,"40199099999,40198099999,40340099999,40310099999,62465599999"
wadi run jordan,2008-03-22,35.4,14.6,25.5,32.7,14.6,24.4,0.1,20.5,0,,0,,,,,13.8,182.6,1008.3,11,9.3,,,0,,2008-03-22T05:39:33,2008-03-22T17:51:05,0.51,Clear,Clear conditions throughout the day.,clear-day,"40199099999,40198099999,40340099999,40310099999,62465599999"
wadi run jordan,2008-03-23,36.5,14.6,26.4,33.7,14.6,25.3,-1,18.03,0,,0,,,,,23.4,190.8,1009.4,0,9.5,,,0,,2008-03-23T05:38:21,2008-03-23T17:51:41,0.52,Clear,Clear conditions throughout the day.,clear-day,"40199099999,40198099999,40340099999,40310099999,62465599999"
wadi run jordan,2008-03-24,36,16.1,26.6,33.2,16.1,25.4,-1.5,16.91,0,,0,,,,,21.4,174,1008.1,0,9.4,,,0,,2008-03-24T05:37:09,2008-03-24T17:52:17,0.54,Clear,Clear conditions throughout the day.,clear-day,"40199099999,40198099999,40340099999,40310099999,62465599999"
wadi run jordan,2008-03-25,35.8,16.1,26.7,33.1,16.1,25.6,1.4,20.66,0,,0,,,,,25.5,210.7,1006.1,0,8,,,0,,2008-03-25T05:35:57,2008-03-25T17:52:52,0.56,Clear,Clear conditions throughout the day.,clear-day,"40199099999,40198099999,40340099999,40310099999,62465599999"
wadi run jordan,2008-03-26,25.4,14.1,20.1,25.4,14.1,20.1,7.3,44.93,0,,0,,,,,26.7,260.4,1008.5,2.8,8.3,,,0,,2008-03-26T05:34:46,2008-03-26T17:53:28,0.6,Clear,Clear conditions throughout the day.,clear-day,"40199099999,40198099999,40340099999,40310099999,62465599999"
wadi run jordan,2008-03-27,24,9.1,17.5,24,6.7,17.3,4.2,45.7,0,,0,,,,,20.1,268.3,1009.2,3.6,9.7,,,0,,2008-03-27T05:33:34,2008-03-27T17:54:03,0.64,Clear,Clear conditions throughout the day.,clear-day,"40199099999,40198099999,40340099999,40310099999,62465599999"
wadi run jordan,2008-03-28,27.1,9.1,19.3,26.5,8.3,19.1,1.4,36.25,0,,0,,,,,19.7,191.7,1007.5,0,9.3,,,0,,2008-03-28T06:32:22,2008-03-28T18:54:38,0.69,Clear,Clear conditions throughout the day.,clear-day,"40199099999,40198099999,40340099999,40310099999,62465599999"
wadi run jordan,2008-03-29,29.1,16.1,23,27.6,16.1,22.8,3.1,28.27,0,,0,,,,,28.6,194.9,1005.7,3.9,8.9,,,0,,2008-03-29T06:31:11,2008-03-29T18:55:14,0.74,Clear,Clear conditions throughout the day.,clear-day,"40199099999,40198099999,40340099999,40310099999,62465599999"
wadi run jordan,2008-03-30,28,14.1,20.9,26.7,14.1,20.7,3.6,34.08,0,,0,,,,,28.6,266.3,1007.6,5.8,8,,,0,,2008-03-30T06:30:00,2008-03-30T18:55:49,0.78,Clear,Clear conditions throughout the day.,clear-day,"40199099999,40198099999,40340099999,40310099999,62465599999"
wadi run jordan,2008-03-31,25.7,11.6,18.7,25.7,11.6,18.8,5.6,45.09,0,,0,,,,,18.5,261.3,1010.5,6,10.1,,,0,,2008-03-31T06:28:48,2008-03-31T18:56:24,0.83,Clear,Clear conditions throughout the day.,clear-day,"40199099999,40198099999,40340099999,40310099999,62465599999"
wadi run jordan,2008-04-01,24.9,11.1,18.2,24.9,11.1,18.3,4.4,44.23,0,,0,,,,,23.6,216.6,1012.8,0.5,9.6,,,0,,2008-04-01T06:27:38,2008-04-01T18:57:00,0.88,Clear,Clear conditions throughout the day.,clear-day,"40199099999,40198099999,40340099999,40310099999,62465599999"
wadi run jordan,2008-04-02,27.7,11.1,19.4,26.7,11.1,19.5,3,39.41,0,,0,,,,,30.6,107.5,1013.9,0,8.9,,,0,,2008-04-02T06:26:27,2008-04-02T18:57:35,0.92,Clear,Clear conditions throughout the day.,wind,"40199099999,40198099999,40340099999,40310099999,62465599999"
wadi run jordan,2008-04-03,32.9,11.1,22.9,30.6,11.1,22.4,-0.6,25.85,0,,0,,,,,21.8,290,1010.3,0,9.5,,,0,,2008-04-03T06:25:16,2008-04-03T18:58:10,0.96,Clear,Clear conditions throughout the day.,clear-day,"40199099999,40198099999,40340099999,40310099999"
wadi run jordan,2008-04-04,26.7,13.1,20.4,25.9,13.1,20.4,3.5,36.82,0,,0,,,,,19.5,245.5,1013.4,23,8.8,,,0,,2008-04-04T06:24:06,2008-04-04T18:58:46,0.99,Partially cloudy,Partly cloudy throughout the day.,partly-cloudy-day,"40199099999,40198099999,40340099999,40310099999"
wadi run jordan,2008-04-05,30,12.1,20.8,28.2,12.1,20.7,4.6,38.69,0,,0,,,,,29.8,150.8,1011.3,11,8.4,,,0,,2008-04-05T06:22:56,2008-04-05T18:59:21,1,Clear,Clear conditions throughout the day.,clear-day,"40199099999,40198099999,40340099999,40310099999,62465599999"
wadi run jordan,2008-04-06,33.2,15.1,24,30.7,15.1,23.5,2.3,27.05,0,,0,,,,,35,227.5,1007,10.5,9.4,,,0,,2008-04-06T06:21:47,2008-04-06T18:59:57,0,Clear,Clear conditions throughout the day.,wind,"40199099999,40198099999,40340099999,40310099999,62465599999"
wadi run jordan,2008-04-07,25.3,14.6,20.1,25.3,14.6,20,6.6,43.38,0,,0,,,,,28.6,307.6,1013,8.9,7.2,,,0,,2008-04-07T06:20:38,2008-04-07T19:00:32,0.01,Clear,Clear conditions throughout the day.,clear-day,"40199099999,40198099999,40340099999,40310099999,62465599999"
wadi run jordan,2008-04-08,24.4,10.1,17.4,24.4,10.1,17.5,4.6,44.84,0,,0,,,,,23.8,283.5,1012.5,1.6,9.7,,,0,,2008-04-08T06:19:29,2008-04-08T19:01:08,0.04,Clear,Clear conditions throughout the day.,clear-day,"40199099999,40198099999,40340099999,40310099999,62465599999"
wadi run jordan,2008-04-09,24.7,10.1,17.7,24.7,10.1,17.8,3.7,43.55,0,,0,,,,,18.6,195.8,1013.4,5.3,9.9,,,0,,2008-04-09T06:18:21,2008-04-09T19:01:43,0.08,Clear,Clear conditions throughout the day.,clear-day,"40199099999,40198099999,40340099999,40310099999,62465599999"
wadi run jordan,2008-04-10,28.6,9.6,20.4,27.1,9.6,20.2,0.5,28.84,0,,0,,,,,32.6,206.6,1009.3,0.9,9.6,,,0,,2008-04-10T06:17:13,2008-04-10T19:02:19,0.13,Clear,Clear conditions throughout the day.,wind,"40199099999,40198099999,40340099999,40310099999,62465599999"
wadi run jordan,2008-04-11,30.4,15,23.2,28.6,15,22.8,5.4,33.79,0,,0,,,,,22,271.3,1010.9,0.2,8.2,,,0,,2008-04-11T06:16:06,2008-04-11T19:02:55,0.18,Clear,Clear conditions throughout the day.,clear-day,"40199099999,40198099999,40340099999,40310099999,62465599999"
wadi run jordan,2008-04-12,29.3,14.9,22.5,27.7,14.9,22.1,5.5,36.39,0,,0,,,,,27.8,227.3,1014.3,20.3,8.1,,,0,,2008-04-12T06:14:59,2008-04-12T19:03:31,0.24,Partially cloudy,Partly cloudy throughout the day.,partly-cloudy-day,"40199099999,40198099999,40340099999,40310099999,62465599999"
wadi run jordan,2008-04-13,35.4,16.1,25.6,32.8,16.1,24.9,5,30.37,0,,0,,,,,30.9,213.5,1013.1,9.5,7.3,,,0,,2008-04-13T06:13:52,2008-04-13T19:04:07,0.29,Clear,Clear conditions throughout the day.,wind,"40199099999,40198099999,40340099999,40310099999,62465599999"
wadi run jordan,2008-04-14,38.2,19.6,30.4,35.6,19.6,29,4.2,20.08,0,,0,,,,,16.9,147,1009.7,2.8,7.8,,,0,,2008-04-14T06:12:47,2008-04-14T19:04:43,0.34,Clear,Clear conditions throughout the day.,clear-day,"40199099999,40198099999,40340099999,40310099999,62465599999"
wadi run jordan,2008-04-15,37.2,21.6,29.7,34.7,21.6,28.5,6,23.86,0,,0,,,,,22.4,217.7,1008.3,17.2,8.2,,,0,,2008-04-15T06:11:41,2008-04-15T19:05:19,0.39,Clear,Clear conditions throughout the day.,clear-day,"40199099999,40198099999,40340099999,40310099999,62465599999"
wadi run jordan,2008-04-16,35.1,17.6,26.8,32.6,17.6,26,4.5,25.74,0,,0,,,,,29.4,285.4,1011.3,12.2,8.2,,,0,,2008-04-16T06:10:37,2008-04-16T19:05:55,0.43,Clear,Clear conditions throughout the day.,clear-day,"40199099999,40198099999,40340099999,40310099999,62465599999"
wadi run jordan,2008-04-17,27.7,11.6,20.9,26.6,11.6,20.7,4.9,40.07,0,,0,,,,,33,250.4,1016.2,11.2,9.3,,,0,,2008-04-17T06:09:33,2008-04-17T19:06:31,0.46,Clear,Clear conditions throughout the day.,wind,"40199099999,40198099999,40340099999,40310099999,62465599999"
wadi run jordan,2008-04-18,33.6,12.6,22.5,31.3,12.6,22.1,6,39.5,0,,0,,,,,27.2,209.5,1013.3,14.4,9.5,,,0,,2008-04-18T06:08:29,2008-04-18T19:07:08,0.48,Clear,Clear conditions throughout the day.,clear-day,"40199099999,40198099999,40340099999,40310099999,62465599999"
wadi run jordan,2008-04-19,35.1,13.6,25.4,32.4,13.6,24.6,0.4,22.62,0,,0,,,,,24.1,315.6,1010.6,2.5,9,,,0,,2008-04-19T06:07:27,2008-04-19T19:07:45,0.5,Clear,Clear conditions throughout the day.,clear-day,"40199099999,40198099999,40340099999,40310099999,62465599999"
wadi run jordan,2008-04-20,31.7,15.1,24.1,29.5,15.1,23.5,-0.2,21.52,0,,0,,,,,32.5,156.8,1011.9,0,8.3,,,0,,2008-04-20T06:06:25,2008-04-20T19:08:21,0.5,Clear,Clear conditions throughout the day.,wind,"40199099999,40198099999,40340099999,40310099999,62465599999"
wadi run jordan,2008-04-21,37.1,17.1,27.1,34.2,17.1,26.1,3,24.6,0,,0,,,,,22.6,175.4,1012.7,0,8.7,,,0,,2008-04-21T06:05:24,2008-04-21T19:08:58,0.51,Clear,Clear conditions throughout the day.,clear-day,"40199099999,40198099999,40340099999,40310099999,62465599999"
wadi run jordan,2008-04-22,39.5,21.3,30.3,36.2,21.3,28.8,0.5,16.86,0,,0,,,,,21,184.6,1011.1,0,8.6,,,0,,2008-04-22T06:04:23,2008-04-22T19:09:35,0.52,Clear,Clear conditions throughout the day.,clear-day,"40199099999,40198099999,40340099999,40310099999,62465599999"
wadi run jordan,2008-04-23,40.7,21,31.3,37.2,21,29.8,0.5,14.99,0,,0,,,,,19,190.5,1009.8,0,8.2,,,0,,2008-04-23T06:03:24,2008-04-23T19:10:12,0.54,Clear,Clear conditions throughout the day.,clear-day,"40199099999,40198099999,40340099999,40310099999,62465599999"
wadi run jordan,2008-04-24,36.3,22.6,30.4,33.4,22.6,28.9,-1.1,13.46,0,,0,,,,,22.7,223.8,1008.1,3.7,8.8,,,0,,2008-04-24T06:02:25,2008-04-24T19:10:49,0.57,Clear,Clear conditions throughout the day.,clear-day,"40199099999,40198099999,40340099999,40310099999,62465599999"
wadi run jordan,2008-04-25,38,22.6,29.3,35.2,22.6,28.3,4.1,20.85,0,,0,,,,,19.2,180.1,1006.6,26.2,8.2,,,0,,2008-04-25T06:01:27,2008-04-25T19:11:27,0.61,Partially cloudy,Partly cloudy throughout the day.,partly-cloudy-day,"40199099999,40198099999,40340099999,40310099999,62465599999"
wadi run jordan,2008-04-26,37,20,28.2,34.8,20,27.4,10.1,35.3,0,,0,,,,,25.9,252,1006.9,28.6,8.1,,,0,,2008-04-26T06:00:30,2008-04-26T19:12:04,0.66,Partially cloudy,Partly cloudy throughout the day.,partly-cloudy-day,"40199099999,40198099999,40340099999,40310099999,62465599999"
wadi run jordan,2008-04-27,30.1,15.1,23.1,28.8,15.1,22.8,10.3,47.04,0,,0,,,,,32.3,292.4,1011.5,18.8,8.7,,,0,,2008-04-27T05:59:33,2008-04-27T19:12:42,0.7,Clear,Clear conditions throughout the day.,wind,"40199099999,40198099999,40340099999,40310099999,62465599999"
wadi run jordan,2008-04-28,29.4,13.6,22.1,27.8,13.6,21.8,5.1,36.25,0,,0,,,,,30.2,248.4,1010.4,1,8.7,,,0,,2008-04-28T05:58:38,2008-04-28T19:13:19,0.75,Clear,Clear conditions throughout the day.,wind,"40199099999,40198099999,40340099999,40310099999,62465599999"
wadi run jordan,2008-04-29,27.6,13.1,20.9,26.5,13.1,20.8,5.9,40.29,0,,0,,,,,34.8,266.4,1008.7,6.1,8.9,,,0,,2008-04-29T05:57:44,2008-04-29T19:13:57,0.8,Clear,Clear conditions throughout the day.,wind,"40199099999,40198099999,40340099999,40310099999,62465599999"
wadi run jordan,2008-04-30,26.4,11.6,20,26.4,11.6,20.1,5.7,42.51,0,,0,,,,,23.3,243.3,1013.2,1.4,10,,,0,,2008-04-30T05:56:50,2008-04-30T19:14:35,0.85,Clear,Clear conditions throughout the day.,clear-day,"40199099999,40198099999,40340099999,40310099999,62465599999"
wadi run jordan,2008-05-01,26.4,12.1,20.2,26.4,12.1,20.4,5.4,41.74,0,,0,,,,,22.6,236.3,1015.3,0,9.9,,,0,,2008-05-01T05:55:58,2008-05-01T19:15:12,0.9,Clear,Clear conditions throughout the day.,clear-day,"40199099999,40198099999,40340099999,40310099999,62465599999"
wadi run jordan,2008-05-02,28,10.6,20.2,26.7,10.6,20.1,4.6,40.05,0,,0,,,,,25.8,210.2,1013.3,6.8,9.2,,,0,,2008-05-02T05:55:06,2008-05-02T19:15:50,0.94,Clear,Clear conditions throughout the day.,clear-day,"40199099999,40198099999,40340099999,40310099999,62465599999"
wadi run jordan,2008-05-03,31.7,13.6,22.7,29.5,13.6,22.3,4,34.06,0,,0,,,,,22.7,201.6,1010.5,6.2,9.2,,,0,,2008-05-03T05:54:16,2008-05-03T19:16:28,0.98,Clear,Clear conditions throughout the day.,clear-day,"40199099999,40198099999,40340099999,40310099999,62465599999"
wadi run jordan,2008-05-04,31.8,14.6,24.1,29.6,14.6,23.5,1.3,25.39,0,,0,,,,,21.8,210.7,1008.9,3.6,9.8,,,0,,2008-05-04T05:53:26,2008-05-04T19:17:06,1,Clear,Clear conditions throughout the day.,clear-day,"40199099999,40198099999,40340099999,40310099999,62465599999"
wadi run jordan,2008-05-05,33.1,15.6,25.3,30.8,15.6,24.6,1.6,22.75,0,,0,,,,,22.1,210.2,1007.3,5.2,9.3,,,0,,2008-05-05T05:52:38,2008-05-05T19:17:44,0,Clear,Clear conditions throughout the day.,clear-day,"40199099999,40198099999,40340099999,40310099999,62465599999"
wadi run jordan,2008-05-06,33.5,19.1,26.1,31.2,19.1,25.3,4,25.43,0,,0,,,,,30.3,314.1,1009.4,1,8.4,,,0,,2008-05-06T05:51:51,2008-05-06T19:18:22,0.01,Clear,Clear conditions throughout the day.,wind,"40199099999,40198099999,40340099999,40310099999,62465599999"
wadi run jordan,2008-05-07,31.2,14.6,23.2,29.1,14.6,22.8,4.9,34.2,0,,0,,,,,25.5,250.5,1010.2,0,8.9,,,0,,2008-05-07T05:51:04,2008-05-07T19:19:00,0.03,Clear,Clear conditions throughout the day.,clear-day,"40199099999,40198099999,40340099999,40310099999,62465599999"
wadi run jordan,2008-05-08,30.7,13.6,23.8,28.8,13.6,23.2,6.2,34.87,0,,0,,,,,36.8,218.8,1009,26.9,8.4,,,0,,2008-05-08T05:50:19,2008-05-08T19:19:39,0.07,Partially cloudy,Becoming cloudy in the afternoon.,wind,"40199099999,40198099999,40340099999,40310099999,62465599999"
wadi run jordan,2008-05-09,29.8,16.1,23.2,28,16.1,22.8,5.4,33.23,0,,0,,,,,25,328.4,1009.2,5.3,9.6,,,0,,2008-05-09T05:49:36,2008-05-09T19:20:17,0.11,Clear,Clear conditions throughout the day.,clear-day,"40199099999,40198099999,40340099999,40310099999,62465599999"
wadi run jordan,2008-05-10,29.6,13.1,21.6,27.8,13.1,21.3,2.7,35.6,0,,0,,,,,23.7,273.9,1012.4,5.4,9.9,,,0,,2008-05-10T05:48:53,2008-05-10T19:20:55,0.16,Clear,Clear conditions throughout the day.,clear-day,"40199099999,40198099999,40340099999,40310099999,62465599999"
wadi run jordan,2008-05-11,32.5,15.1,24.5,30.3,15.1,23.8,4.2,29.32,0,,0,,,,,22.9,272.1,1011.4,17.5,9.6,,,0,,2008-05-11T05:48:11,2008-05-11T19:21:32,0.22,Clear,Clear conditions throughout the day.,clear-day,"40199099999,40198099999,40340099999,40310099999,62465599999"
wadi run jordan,2008-05-12,34.1,19.6,27.3,32,19.6,26.5,5.3,25.11,0,,0,,,,,23.3,186.3,1009.5,31,9.2,,,0,,2008-05-12T05:47:31,2008-05-12T19:22:10,0.27,Partially cloudy,Partly cloudy throughout the day.,partly-cloudy-day,"40199099999,40198099999,40340099999,40310099999,62465599999"
wadi run jordan,2008-05-13,36,21.6,29.4,33.8,21.6,28.3,6.2,24.69,0,,0,,,,,25.6,293.8,1008.7,9.9,8.8,,,0,,2008-05-13T05:46:52,2008-05-13T19:22:48,0.32,Clear,Clear conditions throughout the day.,clear-day,"40199099999,40198099999,40340099999,40310099999,62465599999"
wadi run jordan,2008-05-14,35.3,18.1,27.6,32.8,18.1,26.5,4.4,24.98,0,,0,,,,,22.1,228.1,1011.7,24.7,9,,,0,,2008-05-14T05:46:14,2008-05-14T19:23:26,0.37,Partially cloudy,Partly cloudy throughout the day.,partly-cloudy-day,"40199099999,40198099999,40340099999,40310099999,62465599999"
wadi run jordan,2008-05-15,37.1,20.6,28.5,34.7,20.6,27.6,5.9,25.27,0,,0,,,,,24.9,230,1009.3,24.9,8.2,,,0,,2008-05-15T05:45:37,2008-05-15T19:24:03,0.41,Partially cloudy,Partly cloudy throughout the day.,partly-cloudy-day,"40199099999,40198099999,40340099999,40310099999,62465599999"
wadi run jordan,2008-05-16,32,17.1,24.4,30.2,17.1,24.1,9.8,42.52,0.8,,8.33,,,,,27.9,259.9,1010.2,0.5,8.3,,,0,,2008-05-16T05:45:02,2008-05-16T19:24:41,0.44,Rain,Clear conditions throughout the day with rain clearing later.,rain,"40199099999,40198099999,40340099999,40310099999,62465599999"
wadi run jordan,2008-05-17,30.3,14.1,23.1,28.4,14.1,22.7,7,39.08,0,,0,,,,,27.6,200.8,1011.1,0,8.9,,,0,,2008-05-17T05:44:28,2008-05-17T19:25:18,0.47,Clear,Clear conditions throughout the day.,clear-day,"40199099999,40198099999,40340099999,40310099999,62465599999"
wadi run jordan,2008-05-18,30,15.1,23.1,28.3,15.1,22.7,8.2,42.06,0,,0,,,,,27.2,201.4,1010.4,5.9,8.8,,,0,,2008-05-18T05:43:55,2008-05-18T19:25:55,0.49,Clear,Clear conditions throughout the day.,clear-day,"40199099999,40198099999,40340099999,40310099999,62465599999"
wadi run jordan,2008-05-19,33.1,16.1,25.1,30.9,16.1,24.5,8.7,39.83,0,,0,,,,,28.9,174.1,1010,0,9.1,,,0,,2008-05-19T05:43:24,2008-05-19T19:26:32,0.5,Clear,Clear conditions throughout the day.,clear-day,"40199099999,40198099999,40340099999,40310099999,62465599999"
wadi run jordan,2008-05-20,37,17.6,28.1,34.7,17.6,27.2,8.6,33.02,1,,4.17,,,,,18.9,231.3,1009.9,13.7,9,,,0,,2008-05-20T05:42:54,2008-05-20T19:27:08,0.5,Rain,Clear conditions throughout the day with morning rain.,rain,"40199099999,40198099999,40340099999,40310099999,62465599999"
wadi run jordan,2008-05-21,38.3,19.1,29.3,36,19.1,28.2,7.3,27.7,0,,0,,,,,23.1,255.3,1008.6,7.2,9.3,,,0,,2008-05-21T05:42:25,2008-05-21T19:27:44,0.51,Clear,Clear conditions throughout the day.,clear-day,"40199099999,40198099999,40340099999,40310099999,62465599999"
wadi run jordan,2008-05-22,36.5,18.1,28.5,33.9,18.1,27.3,4.8,24.93,0,,0,,,,,29.5,251.7,1009.2,1.1,9.3,,,0,,2008-05-22T05:41:58,2008-05-22T19:28:20,0.53,Clear,Clear conditions throughout the day.,clear-day,"40199099999,40198099999,40340099999,40310099999,62465599999"
wadi run jordan,2008-05-23,35.4,17.1,27.1,33.1,17.1,26.2,4.1,24.19,0,,0,,,,,28.3,293.2,1009.6,0,8.9,,,0,,2008-05-23T05:41:32,2008-05-23T19:28:56,0.55,Clear,Clear conditions throughout the day.,clear-day,"40199099999,40198099999,40340099999,40310099999,62465599999"
wadi run jordan,2008-05-24,34,17.1,26.4,31.5,17.1,25.5,2,23.43,0,,0,,,,,23.1,234.9,1011.1,1.1,9.4,,,0,,2008-05-24T05:41:07,2008-05-24T19:29:31,0.59,Clear,Clear conditions throughout the day.,clear-day,"40199099999,40198099999,40340099999,40310099999,62465599999"
wadi run jordan,2008-05-25,35.9,17.1,27.3,33.2,17.1,26.2,3.8,24.94,0,,0,,,,,20.7,273.2,1009.8,0,9.3,,,0,,2008-05-25T05:40:44,2008-05-25T19:30:06,0.63,Clear,Clear conditions throughout the day.,clear-day,"40199099999,40198099999,40340099999,40310099999,62465599999"
wadi run jordan,2008-05-26,32.5,17.6,25.9,30.2,17.6,25,3.8,26.13,0,,0,,,,,25.4,217.2,1009.6,4.7,10,,,0,,2008-05-26T05:40:22,2008-05-26T19:30:40,0.67,Clear,Clear conditions throughout the day.,clear-day,"40199099999,40198099999,40340099999,40310099999,62465599999"
wadi run jordan,2008-05-27,33.6,17.1,26.1,31.2,17.1,25.3,7.5,33.15,0,,0,,,,,30.2,261.6,1008.2,0,9.3,,,0,,2008-05-27T05:40:01,2008-05-27T19:31:14,0.72,Clear,Clear conditions throughout the day.,wind,"40199099999,40198099999,40340099999,40310099999,62465599999"
wadi run jordan,2008-05-28,34.9,19.1,27.2,32.3,19.1,26.3,6.4,29.78,0,,0,,,,,30.9,262.6,1008.2,0,9,,,0,,2008-05-28T05:39:42,2008-05-28T19:31:48,0.78,Clear,Clear conditions throughout the day.,wind,"40199099999,40198099999,40340099999,40310099999,62465599999"
wadi run jordan,2008-05-29,37.4,19.1,28.6,34.8,19.1,27.6,7.7,29.97,0,,0,,,,,31.4,200.4,1006.8,0,9.3,,,0,,2008-05-29T05:39:24,2008-05-29T19:32:21,0.83,Clear,Clear conditions throughout the day.,wind,"40199099999,40198099999,40340099999,40310099999,62465599999"
wadi run jordan,2008-05-30,37.3,17.1,28.3,34.7,17.1,27.2,6.9,28.92,0,,0,,,,,26.1,289.7,1007,0,9.8,,,0,,2008-05-30T05:39:08,2008-05-30T19:32:53,0.88,Clear,Clear conditions throughout the day.,clear-day,"40199099999,40198099999,40340099999,40310099999,62465599999"
wadi run jordan,2008-05-31,38.3,18.1,29.2,35.5,18.1,27.9,5,23.9,0,,0,,,,,25.8,189.8,1008.1,0,9.9,,,0,,2008-05-31T05:38:53,2008-05-31T19:33:25,0.93,Clear,Clear conditions throughout the day.,clear-day,"40199099999,40198099999,40340099999,40310099999,62465599999"
wadi run jordan,2008-06-01,37.3,21.1,29.7,34.5,21.1,28.5,5.1,23,0,,0,,,,,28.1,240.2,1006.9,0,10,,,0,,2008-06-01T05:38:40,2008-06-01T19:33:56,0.97,Clear,Clear conditions throughout the day.,clear-day,"40199099999,40198099999,40340099999,40310099999,62465599999"
wadi run jordan,2008-06-02,38.8,19.6,29.5,36,19.6,28.2,3.9,22.07,0,,0,,,,,22,215.3,1006.7,0.1,9.6,,,0,,2008-06-02T05:38:27,2008-06-02T19:34:27,0.99,Clear,Clear conditions throughout the day.,clear-day,"40199099999,40198099999,40340099999,40310099999,62465599999"
wadi run jordan,2008-06-03,38,21.6,30.7,35.4,21.6,29.4,5.4,21.2,0,,0,,,,,20.2,268,1007.1,0,9.6,,,0,,2008-06-03T05:38:17,2008-06-03T19:34:57,1,Clear,Clear conditions throughout the day.,clear-day,"40199099999,40198099999,40340099999,40310099999,62465599999"
wadi run jordan,2008-06-04,37.6,21.1,30,34.9,21.1,28.7,5.5,23.85,0,,0,,,,,22.3,123,1010.4,0,10,,,0,,2008-06-04T05:38:07,2008-06-04T19:35:26,0,Clear,Clear conditions throughout the day.,clear-day,"40199099999,40198099999,40340099999,40310099999,62465599999"
wadi run jordan,2008-06-05,41.8,23,33.1,38.7,23,31.6,4,17.15,0,,0,,,,,20.3,159.7,1009.8,0.3,9.4,,,0,,2008-06-05T05:37:59,2008-06-05T19:35:55,0.02,Clear,Clear conditions throughout the day.,clear-day,"40199099999,40198099999,40340099999,40310099999,62465599999"
wadi run jordan,2008-06-06,39.5,24.1,31.8,37.3,24.1,30.4,7.7,23.21,0,,0,,,,,26.3,300.1,1007.5,0,9.2,,,0,,2008-06-06T05:37:53,2008-06-06T19:36:22,0.05,Clear,Clear conditions throughout the day.,clear-day,"40199099999,40198099999,40340099999,40310099999,62465599999"
wadi run jordan,2008-06-07,34.9,16.6,26.8,32.6,16.6,26,9.3,37.92,0,,0,,,,,29.3,244.6,1009.8,0,9.4,,,0,,2008-06-07T05:37:47,2008-06-07T19:36:49,0.1,Clear,Clear conditions throughout the day.,clear-day,"40199099999,40198099999,40340099999,40310099999,62465599999"
wadi run jordan,2008-06-08,38.7,19.6,29.5,35.9,19.6,28.1,4.1,23.17,0,,0,,,,,24.8,184.1,1009.4,0,10,,,0,,2008-06-08T05:37:44,2008-06-08T19:37:15,0.14,Clear,Clear conditions throughout the day.,clear-day,"40199099999,40198099999,40340099999,40310099999,62465599999"
wadi run jordan,2008-06-09,40.8,22.1,32.8,38.3,22.1,31.6,6.7,20.46,0,,0,,,,,28.6,210.5,1007.6,9.9,8.3,,,0,,2008-06-09T05:37:41,2008-06-09T19:37:41,0.19,Clear,Clear conditions throughout the day.,clear-day,"40199099999,40198099999,40340099999,40310099999,62465599999"
wadi run jordan,2008-06-10,38.1,21.1,29.5,35.6,21.1,28.4,6.8,25.76,0,,0,,,,,26.2,306.4,1009.7,4.3,9.3,,,0,,2008-06-10T05:37:40,2008-06-10T19:38:05,0.25,Clear,Clear conditions throughout the day.,clear-day,"40199099999,40198099999,40340099999,40310099999,62465599999"
wadi run jordan,2008-06-11,34.7,18.1,27.1,32.5,18.1,26.4,9.3,34.25,0,,0,,,,,18.2,298.1,1008.5,0,10,,,0,,2008-06-11T05:37:40,2008-06-11T19:38:29,0.3,Clear,Clear conditions throughout the day.,clear-day,"40199099999,40198099999,40340099999,40310099999,62465599999"
wadi run jordan,2008-06-12,36.7,21.1,29.3,34.4,21.1,28.3,9,30.71,0,,0,,,,,14.4,236.7,1006.8,0,10,,,0,,2008-06-12T05:37:42,2008-06-12T19:38:51,0.34,Clear,Clear conditions throughout the day.,clear-day,"40199099999,40198099999,40340099999,40310099999,62465599999"
wadi run jordan,2008-06-13,36.7,19.1,28.6,34.6,19.1,27.8,9.7,33.23,0,,0,,,,,29.9,231.1,1007.2,0,8.7,,,0,,2008-06-13T05:37:44,2008-06-13T19:39:13,0.39,Clear,Clear conditions throughout the day.,clear-day,"40199099999,40198099999,40340099999,40310099999,62465599999"
wadi run jordan,2008-06-14,37.1,18.6,29.2,34.5,18.6,28.1,7.8,30.16,0,,0,,,,,41.8,236,1006.7,0,8.6,,,0,,2008-06-14T05:37:48,2008-06-14T19:39:34,0.42,Clear,Clear conditions throughout the day.,wind,"40199099999,40198099999,40340099999,40310099999,62465599999"
wadi run jordan,2008-06-15,40.3,20.6,31,37.4,20.6,29.8,7.5,26.35,0,,0,,,,,24.1,225.5,1005.7,0,9.3,,,0,,2008-06-15T05:37:54,2008-06-15T19:39:53,0.46,Clear,Clear conditions throughout the day.,clear-day,"40199099999,40198099999,40340099999,40310099999,62465599999"
wadi run jordan,2008-06-16,35.8,20,28.8,33.3,20,27.7,8.1,29.75,0,,0,,,,,28.6,240,1007,0,9.1,,,0,,2008-06-16T05:38:00,2008-06-16T19:40:12,0.48,Clear,Clear conditions throughout the day.,clear-day,"40199099999,40198099999,40340099999,40310099999,62465599999"
wadi run jordan,2008-06-17,36.1,17.6,27.9,33.4,17.6,26.9,7.8,32.6,0,,0,,,,,27.3,227,1008.1,0,9.1,,,0,,2008-06-17T05:38:08,2008-06-17T19:40:29,0.49,Clear,Clear conditions throughout the day.,clear-day,"40199099999,40198099999,40340099999,40310099999,62465599999"
wadi run jordan,2008-06-18,38.3,20.1,29.7,36.1,20.1,28.7,9.9,34.16,0,,0,,,,,27.1,211.5,1005.8,0,8.9,,,0,,2008-06-18T05:38:17,2008-06-18T19:40:45,0.5,Clear,Clear conditions throughout the day.,clear-day,"40199099999,40198099999,40340099999,40310099999,62465599999"
wadi run jordan,2008-06-19,39.3,21.1,31,36.5,21.1,29.9,9.3,30.51,0,,0,,,,,23.3,195.1,1004.4,0,9.1,,,0,,2008-06-19T05:38:28,2008-06-19T19:41:00,0.51,Clear,Clear conditions throughout the day.,clear-day,"40199099999,40198099999,40340099999,40310099999,62465599999"
wadi run jordan,2008-06-20,39.7,21.1,31.1,36.4,21.1,29.7,6.5,24.77,0,,0,,,,,24.5,273.2,1003.1,0,8.8,,,0,,2008-06-20T05:38:39,2008-06-20T19:41:14,0.52,Clear,Clear conditions throughout the day.,clear-day,"40199099999,40198099999,40340099999,40310099999,62465599999"
wadi run jordan,2008-06-21,40.8,21.1,32.2,37.6,21.1,30.5,3.9,19.66,0,,0,,,,,24.8,236.5,1004.4,0,9.5,,,0,,2008-06-21T05:38:52,2008-06-21T19:41:27,0.54,Clear,Clear conditions throughout the day.,clear-day,"40199099999,40198099999,40340099999,40310099999,62465599999"
wadi run jordan,2008-06-22,39.9,23.1,32.2,36.9,23.1,30.9,5.8,21.27,0,,0,,,,,21.4,268.6,1005.4,0.1,9.2,,,0,,2008-06-22T05:39:05,2008-06-22T19:41:39,0.57,Clear,Clear conditions throughout the day.,clear-day,"40199099999,40198099999,40340099999,40310099999,62465599999"
wadi run jordan,2008-06-23,38.5,22.1,30.7,36.2,22.1,30.1,13.2,37.97,0,,0,,,,,25.3,306.9,1005.8,0,8.8,,,0,,2008-06-23T05:39:20,2008-06-23T19:41:49,0.61,Clear,Clear conditions throughout the day.,clear-day,"40199099999,40198099999,40340099999,40310099999,62465599999"
wadi run jordan,2008-06-24,37.9,19.1,30.1,35.5,19.1,29.2,12.2,38.8,0,,0,,,,,25.6,297.5,1004.9,0,9.5,,,0,,2008-06-24T05:39:36,2008-06-24T19:41:58,0.65,Clear,Clear conditions throughout the day.,clear-day,"40199099999,40198099999,40340099999,40310099999,62465599999"
wadi run jordan,2008-06-25,38.9,22.1,31.6,37,22.1,30.6,10.2,29.08,0,,0,,,,,19.5,265.6,1004.3,0.1,9.6,,,0,,2008-06-25T05:39:53,2008-06-25T19:42:06,0.7,Clear,Clear conditions throughout the day.,clear-day,"40199099999,40198099999,40340099999,40310099999,62465599999"
wadi run jordan,2008-06-26,39.7,23.1,32,38.3,23.1,31.1,10.8,28.97,0,,0,,,,,23.1,217.7,1005.6,0.2,9.8,,,0,,2008-06-26T05:40:11,2008-06-26T19:42:13,0.76,Clear,Clear conditions throughout the day.,clear-day,"40199099999,40198099999,40340099999,40310099999,62465599999"
wadi run jordan,2008-06-27,39.6,21.1,31.2,37.1,21.1,30,8.1,25.61,0,,0,,,,,29,257.9,1006.3,0,10.1,,,0,,2008-06-27T05:40:30,2008-06-27T19:42:18,0.81,Clear,Clear conditions throughout the day.,clear-day,"40199099999,40198099999,40340099999,40310099999,62465599999"
wadi run jordan,2008-06-28,39.4,20.8,31.3,36.8,20.8,30.1,6.1,22.37,0,,0,,,,,29.7,259.3,1006,0,9.8,,,0,,2008-06-28T05:40:50,2008-06-28T19:42:22,0.87,Clear,Clear conditions throughout the day.,clear-day,"40199099999,40198099999,40340099999,40310099999,62465599999"
wadi run jordan,2008-06-29,39,22.1,31.4,36.4,22.1,30.3,10.2,30.08,0,,0,,,,,28.2,302.4,1007.3,0,9.7,,,0,,2008-06-29T05:41:11,2008-06-29T19:42:24,0.92,Clear,Clear conditions throughout the day.,clear-day,"40199099999,40198099999,40340099999,40310099999,62465599999"
wadi run jordan,2008-06-30,40.1,23.1,31.8,38.3,23.1,31.4,12.8,33.82,0,,0,,,,,27,270.3,1004.7,0,9.4,,,0,,2008-06-30T05:41:33,2008-06-30T19:42:26,0.96,Clear,Clear conditions throughout the day.,clear-day,"40199099999,40198099999,40340099999,40310099999,62465599999"
wadi run jordan,2008-07-01,40.5,23.1,32.5,38.3,23.1,31.4,10.9,30.49,0,,0,,,,,23.3,294,1003.3,0,9.4,,,0,,2008-07-01T05:41:55,2008-07-01T19:42:26,0.99,Clear,Clear conditions throughout the day.,clear-day,"40199099999,62456099999,40198099999,40340099999,40310099999,62465599999"
wadi run jordan,2008-07-02,40.4,22.4,32.2,38.1,22.4,31,8.4,25.74,0,,0,,,,,22.9,224,1003.4,0,9.6,,,0,,2008-07-02T05:42:19,2008-07-02T19:42:24,1,Clear,Clear conditions throughout the day.,clear-day,"40199099999,40198099999,40340099999,40310099999,62465599999"
wadi run jordan,2008-07-03,39.7,23.1,31.5,38.4,23.1,30.9,13.3,36.4,0,,0,,,,,23.7,278.6,1002.8,0.4,9.2,,,0,,2008-07-03T05:42:43,2008-07-03T19:42:21,0,Clear,Clear conditions throughout the day.,clear-day,"40199099999,40198099999,40340099999,40310099999,62465599999"
wadi run jordan,2008-07-04,37.1,21.1,30,34.4,21.1,28.9,8.1,28.98,0,,0,,,,,24,182.3,1004.2,0,9.2,,,0,,2008-07-04T05:43:08,2008-07-04T19:42:17,0.01,Clear,Clear conditions throughout the day.,clear-day,"40199099999,40198099999,40340099999,40310099999,62465599999"
wadi run jordan,2008-07-05,38.5,21.1,30.5,35.9,21.1,29.4,9.2,30.11,0,,0,,,,,23.3,244,1005.7,0,9.3,,,0,,2008-07-05T05:43:34,2008-07-05T19:42:11,0.04,Clear,Clear conditions throughout the day.,clear-day,"40199099999,40198099999,40340099999,40310099999,62465599999"
wadi run jordan,2008-07-06,38.6,22.1,30.3,36.2,22.1,29.5,10.4,31.87,0,,0,,,,,21.3,260.1,1003.7,0,9.9,,,0,,2008-07-06T05:44:01,2008-07-06T19:42:04,0.08,Clear,Clear conditions throughout the day.,clear-day,"40199099999,40198099999,40340099999,40310099999,62465599999"
wadi run jordan,2008-07-07,37.7,22.6,30.8,35.4,22.6,30,11.5,33.02,0,,0,,,,,26.2,204.9,1004.4,0.3,9.1,,,0,,2008-07-07T05:44:28,2008-07-07T19:41:55,0.12,Clear,Clear conditions throughout the day.,clear-day,"40199099999,40198099999,40340099999,40310099999,62465599999"
wadi run jordan,2008-07-08,38.2,22.6,31.4,36.3,22.6,30.4,10.3,29.44,0,,0,,,,,30.4,216.2,1002.8,0,9.2,,,0,,2008-07-08T05:44:56,2008-07-08T19:41:45,0.17,Clear,Clear conditions throughout the day.,wind,"40199099999,40198099999,40340099999,40310099999,62465599999"
wadi run jordan,2008-07-09,39.7,21.6,31.6,37.1,21.6,30.3,8.6,27.27,0,,0,,,,,17.8,218.1,1002.8,0,10,,,0,,2008-07-09T05:45:25,2008-07-09T19:41:34,0.22,Clear,Clear conditions throughout the day.,clear-day,"40199099999,40198099999,40340099999,40310099999,62465599999"
wadi run jordan,2008-07-10,39.9,24,32.4,37.6,24,31.2,7.9,23.12,0,,0,,,,,17.8,191.3,1003.2,0,9.6,,,0,,2008-07-10T05:45:54,2008-07-10T19:41:21,0.27,Clear,Clear conditions throughout the day.,clear-day,"40199099999,40198099999,40340099999,40310099999,62465599999"
wadi run jordan,2008-07-11,41.2,24.1,33,38.4,24.1,31.5,6.2,20.77,0,,0,,,,,17.4,211.1,1003.7,0,9,,,0,,2008-07-11T05:46:24,2008-07-11T19:41:07,0.32,Clear,Clear conditions throughout the day.,clear-day,"40199099999,40198099999,40340099999,40310099999,62465599999"
wadi run jordan,2008-07-12,39.8,23.1,32.4,38,23.1,31.2,7.9,22.85,0,,0,,,,,23.4,254,1003.1,0,9.1,,,0,,2008-07-12T05:46:54,2008-07-12T19:40:51,0.36,Clear,Clear conditions throughout the day.,clear-day,"40199099999,40198099999,40340099999,40310099999,62465599999"
wadi run jordan,2008-07-13,39.3,23.1,32,37.3,23.1,30.9,9.8,26.92,0,,0,,,,,21.8,220.9,1003.6,0,9.3,,,0,,2008-07-13T05:47:25,2008-07-13T19:40:34,0.4,Clear,Clear conditions throughout the day.,clear-day,"40199099999,40198099999,40340099999,40310099999,62465599999"
wadi run jordan,2008-07-14,39.1,22.6,31.7,36.6,22.6,30.3,7.4,23.13,0,,0,,,,,30.2,184,1006.8,0,9.5,,,0,,2008-07-14T05:47:56,2008-07-14T19:40:15,0.44,Clear,Clear conditions throughout the day.,wind,"40199099999,40198099999,40340099999,40310099999,62465599999"
wadi run jordan,2008-07-15,39,23.1,31.8,37.3,23.1,31,11.6,31.01,0,,0,,,,,30.1,244.5,1006.3,0,9.2,,,0,,2008-07-15T05:48:28,2008-07-15T19:39:55,0.46,Clear,Clear conditions throughout the day.,wind,"40199099999,40198099999,40340099999,40310099999,62465599999"
wadi run jordan,2008-07-16,40.3,22.6,32.3,37.3,22.6,31,7.9,24.62,0,,0,,,,,19.7,230.4,1003.3,0,9.6,,,0,,2008-07-16T05:49:00,2008-07-16T19:39:34,0.48,Clear,Clear conditions throughout the day.,clear-day,"40199099999,40198099999,40340099999,40310099999,62465599999"
wadi run jordan,2008-07-17,40.8,22.6,32.8,38,22.6,31.4,7.2,22.72,0,,0,,,,,20.8,260,1001.7,0,10,,,0,,2008-07-17T05:49:33,2008-07-17T19:39:11,0.5,Clear,Clear conditions throughout the day.,clear-day,"40199099999,40198099999,40340099999,40310099999,62465599999"
wadi run jordan,2008-07-18,39.3,22.1,31,38.5,22.1,30.8,14.4,40.71,0,,0,,,,,25.8,243.8,1003.3,0,8.8,,,0,,2008-07-18T05:50:06,2008-07-18T19:38:46,0.5,Clear,Clear conditions throughout the day.,clear-day,"40199099999,40198099999,40340099999,40310099999,62465599999"
wadi run jordan,2008-07-19,40.1,23.1,32.1,38.7,23.1,31.5,12.9,34.62,0,,0,,,,,24.8,196.5,1004.9,0,9.2,,,0,,2008-07-19T05:50:39,2008-07-19T19:38:21,0.51,Clear,Clear conditions throughout the day.,clear-day,"40199099999,40198099999,40340099999,40310099999,62465599999"
wadi run jordan,2008-07-20,39.8,22.6,32.2,38.7,22.6,31.8,13.8,35.81,0,,0,,,,,26.8,228.1,1003.7,0.1,9.5,,,0,,2008-07-20T05:51:13,2008-07-20T19:37:54,0.53,Clear,Clear conditions throughout the day.,clear-day,"40199099999,40198099999,40340099999,40310099999,62465599999"
wadi run jordan,2008-07-21,41.9,22.6,32.9,40.4,22.6,32.4,13.5,35.19,0,,0,,,,,18.7,171.4,1003.2,0,9.3,,,0,,2008-07-21T05:51:47,2008-07-21T19:37:25,0.55,Clear,Clear conditions throughout the day.,clear-day,"40199099999,40198099999,40340099999,40310099999,62465599999"
wadi run jordan,2008-07-22,42.7,24.6,33.9,40.3,24.6,32.5,9.7,25.6,0,,0,,,,,22.3,237.5,1003.3,0,10,,,0,,2008-07-22T05:52:21,2008-07-22T19:36:55,0.59,Clear,Clear conditions throughout the day.,clear-day,"40199099999,40198099999,40340099999,40310099999,62465599999"
wadi run jordan,2008-07-23,40.3,24.1,32.8,37.8,24.1,31.6,8.5,24.12,0,,0,,,,,22.8,290.8,1003.6,0,9.8,,,0,,2008-07-23T05:52:55,2008-07-23T19:36:24,0.64,Clear,Clear conditions throughout the day.,clear-day,"40199099999,40198099999,40340099999,40310099999,62465599999"
wadi run jordan,2008-07-24,40.4,23.1,32.5,37.4,23.1,31.1,8.5,26.6,0,,0,,,,,31.1,214.5,1003.3,0,9.4,,,0,,2008-07-24T05:53:30,2008-07-24T19:35:51,0.69,Clear,Clear conditions throughout the day.,wind,"40199099999,40198099999,40340099999,40310099999,62465599999"
wadi run jordan,2008-07-25,37.4,21.6,29.9,36.1,21.6,29.3,11.9,35.02,0,,0,,,,,26.9,295.1,1003.9,0,9.5,,,0,,2008-07-25T05:54:04,2008-07-25T19:35:17,0.74,Clear,Clear conditions throughout the day.,clear-day,"40199099999,40198099999,40340099999,40310099999,62465599999"
wadi run jordan,2008-07-26,37.7,19.6,29.2,35.7,19.6,28.6,13.1,41.4,0,,0,,,,,26,273.9,1005.5,3.4,9.4,,,0,,2008-07-26T05:54:39,2008-07-26T19:34:42,0.8,Clear,Clear conditions throughout the day.,clear-day,"40199099999,40198099999,40340099999,40310099999,62465599999"
wadi run jordan,2008-07-27,35.2,21.1,29,34,21.1,28.5,13.6,41.29,0,,0,,,,,22.9,287.5,1006.6,0.5,9.3,,,0,,2008-07-27T05:55:14,2008-07-27T19:34:05,0.85,Clear,Clear conditions throughout the day.,clear-day,"40199099999,40198099999,40340099999,40310099999,62465599999"
wadi run jordan,2008-07-28,36.2,21.1,29.1,34.1,21.1,28.3,12,38.4,0,,0,,,,,22,258,1005.1,0,9.6,,,0,,2008-07-28T05:55:49,2008-07-28T19:33:28,0.9,Clear,Clear conditions throughout the day.,clear-day,"40199099999,40198099999,40340099999,40310099999,62465599999"
wadi run jordan,2008-07-29,36.5,20.6,29.3,34.6,20.6,28.6,11.6,35.87,0,,0,,,,,21.4,266,1005,0,9.6,,,0,,2008-07-29T05:56:24,2008-07-29T19:32:48,0.95,Clear,Clear conditions throughout the day.,clear-day,"40199099999,40198099999,40340099999,40310099999,62465599999"
wadi run jordan,2008-07-30,37,19.6,29.3,35.1,19.6,28.6,12.4,39.14,0,,0,,,,,20.2,263.9,1004,0.4,9.7,,,0,,2008-07-30T05:56:59,2008-07-30T19:32:08,0.98,Clear,Clear conditions throughout the day.,clear-day,"40199099999,40198099999,40340099999,40310099999,62465599999"
wadi run jordan,2008-07-31,38.1,21.6,30.4,36.1,21.6,29.7,12.2,35.99,0,,0,,,,,20.5,243.8,1004.1,0,9.7,,,0,,2008-07-31T05:57:35,2008-07-31T19:31:26,1,Clear,Clear conditions throughout the day.,clear-day,"40199099999,40198099999,40340099999,40310099999,62465599999"
wadi run jordan,2008-08-01,40,22.1,31.6,38,22.1,30.8,12.1,33.52,0,,0,,,,,25.4,250.1,1004,0,9.6,,,0,,2008-08-01T05:58:10,2008-08-01T19:30:43,0,Clear,Clear conditions throughout the day.,clear-day,"40199099999,40198099999,40340099999,40310099999,62465599999"
wadi run jordan,2008-08-02,40.2,23.6,32.6,37.7,23.6,31.3,8.3,24.58,0,,0,,,,,20.2,200.3,1004.3,0,10,,,0,,2008-08-02T05:58:45,2008-08-02T19:29:59,0.01,Clear,Clear conditions throughout the day.,clear-day,"40199099999,40198099999,40340099999,40310099999,62465599999"
wadi run jordan,2008-08-03,40.5,24.6,32.6,37.6,24.6,31.2,6.8,21.68,0,,0,,,,,20.1,199.3,1003.8,4.1,8.8,,,0,,2008-08-03T05:59:20,2008-08-03T19:29:14,0.03,Clear,Clear conditions throughout the day.,clear-day,"40199099999,40198099999,40340099999,40310099999,62465599999"
wadi run jordan,2008-08-04,39.3,22.6,31.6,37.9,22.6,31,13,34.99,0,,0,,,,,25.4,289.8,1003.5,0,9.2,,,0,,2008-08-04T05:59:56,2008-08-04T19:28:27,0.06,Clear,Clear conditions throughout the day.,clear-day,"40199099999,40198099999,40340099999,40310099999,62465599999"
wadi run jordan,2008-08-05,38.7,21.6,30.4,36.3,21.6,29.6,12.2,36.95,0,,0,,,,,22.5,229.2,1003.6,3.1,9.1,,,0,,2008-08-05T06:00:31,2008-08-05T19:27:40,0.1,Clear,Clear conditions throughout the day.,clear-day,"40199099999,40198099999,40340099999,40310099999,62465599999"
wadi run jordan,2008-08-06,38.9,21.1,31.1,36.7,21.1,30.1,11,32.59,0,,0,,,,,19.2,270.5,1002.9,0,9.1,,,0,,2008-08-06T06:01:06,2008-08-06T19:26:51,0.14,Clear,Clear conditions throughout the day.,clear-day,"40199099999,40198099999,40340099999,40310099999,62465599999"
wadi run jordan,2008-08-07,37.8,24.1,31.2,36.6,24.1,30.4,11.7,33.15,0,,0,,,,,18.7,286.3,1001.9,0,9.1,,,0,,2008-08-07T06:01:41,2008-08-07T19:26:01,0.19,Clear,Clear conditions throughout the day.,clear-day,"40199099999,40198099999,40340099999,40310099999,62465599999"
wadi run jordan,2008-08-08,38.5,23.1,31,36.4,23.1,30,9.8,30.07,0,,0,,,,,23.5,255.4,1002.3,0,9.1,,,0,,2008-08-08T06:02:16,2008-08-08T19:25:10,0.24,Clear,Clear conditions throughout the day.,clear-day,"40199099999,40198099999,40340099999,40310099999,62465599999"
wadi run jordan,2008-08-09,38.7,22.3,31.4,36,22.3,30.3,10.6,31.63,0,,0,,,,,21,249.8,1003.1,0,9.1,,,0,,2008-08-09T06:02:51,2008-08-09T19:24:18,0.28,Clear,Clear conditions throughout the day.,clear-day,"40199099999,40198099999,40340099999,40310099999,62465599999"
wadi run jordan,2008-08-10,39.5,22.1,31.5,37.2,22.1,30.5,9.9,28.61,0,,0,,,,,20.2,252.8,1002.6,0,9.5,,,0,,2008-08-10T06:03:26,2008-08-10T19:23:25,0.33,Clear,Clear conditions throughout the day.,clear-day,"40199099999,40198099999,40340099999,40310099999,62465599999"
wadi run jordan,2008-08-11,39.1,24.1,32,36.8,24.1,30.9,10,28.9,0,,0,,,,,19.6,253.4,1003,0,9.8,,,0,,2008-08-11T06:04:01,2008-08-11T19:22:31,0.37,Clear,Clear conditions throughout the day.,clear-day,"40199099999,40198099999,40340099999,40310099999,62465599999"
wadi run jordan,2008-08-12,40,24,32.5,37.2,24,31.2,8.1,23.9,0,,0,,,,,23.6,259,1003.7,0,9.5,,,0,,2008-08-12T06:04:35,2008-08-12T19:21:36,0.41,Clear,Clear conditions throughout the day.,clear-day,"40199099999,40198099999,40340099999,40310099999,62465599999"
wadi run jordan,2008-08-13,37.5,20.1,30.2,35.7,20.1,29.3,12.4,37.24,0,,0,,,,,20.8,284.9,1004.1,0,9.1,,,0,,2008-08-13T06:05:10,2008-08-13T19:20:40,0.45,Clear,Clear conditions throughout the day.,clear-day,"40199099999,40198099999,40340099999,40310099999,62465599999"
wadi run jordan,2008-08-14,37.6,20.6,29.9,36,20.6,29.2,12.5,37.5,0,,0,,,,,22.2,265.2,1003.8,0,9.4,,,0,,2008-08-14T06:05:44,2008-08-14T19:19:43,0.47,Clear,Clear conditions throughout the day.,clear-day,"40199099999,40198099999,40340099999,40310099999,62465599999"
wadi run jordan,2008-08-15,38.5,21.6,31.1,37.4,21.6,30.4,13.1,36.52,0,,0,,,,,20.7,224.4,1002,0,9.3,,,0,,2008-08-15T06:06:18,2008-08-15T19:18:45,0.49,Clear,Clear conditions throughout the day.,clear-day,"40199099999,40198099999,40340099999,40310099999,62465599999"
wadi run jordan,2008-08-16,39.3,21.6,31.3,37.3,21.6,30.2,9.6,28.1,0,,0,,,,,14.8,237.8,1001.8,0,9.6,,,0,,2008-08-16T06:06:53,2008-08-16T19:17:46,0.5,Clear,Clear conditions throughout the day.,clear-day,"40199099999,40198099999,40340099999,40310099999,62465599999"
wadi run jordan,2008-08-17,39.5,22.6,32.3,37.2,22.6,30.9,7.3,22.66,0,,0,,,,,23.9,208.3,1003.2,0.3,9.4,,,0,,2008-08-17T06:07:27,2008-08-17T19:16:46,0.5,Clear,Clear conditions throughout the day.,clear-day,"40199099999,40198099999,40340099999,40310099999,62465599999"
wadi run jordan,2008-08-18,40.9,24.6,33.1,38.6,24.6,31.9,9.1,24.14,70.1,,4.17,,,,,28,234.4,1004.1,0,9.1,,,0,,2008-08-18T06:08:00,2008-08-18T19:15:46,0.52,Rain,Clear conditions throughout the day with afternoon rain.,rain,"40199099999,40198099999,40340099999,40310099999,62465599999"
wadi run jordan,2008-08-19,39.6,22.1,31.4,38.6,22.1,31.2,14.8,39.95,0,,0,,,,,27.2,252.7,1003.5,0,9,,,0,,2008-08-19T06:08:34,2008-08-19T19:14:44,0.54,Clear,Clear conditions throughout the day.,clear-day,"40199099999,40198099999,40340099999,40310099999,62465599999"
wadi run jordan,2008-08-20,38.6,21.1,31.1,37.5,21.1,30.6,13.4,36.82,0,,0,,,,,21.5,227.2,1003.7,0.3,9.2,,,0,,2008-08-20T06:09:08,2008-08-20T19:13:42,0.57,Clear,Clear conditions throughout the day.,clear-day,"40199099999,40198099999,40340099999,40310099999,62465599999"
wadi run jordan,2008-08-21,39.1,23.1,32.1,37.5,23.1,31.2,11.7,31.48,0,,0,,,,,24.3,276.1,1005.2,0.5,9.3,,,0,,2008-08-21T06:09:41,2008-08-21T19:12:39,0.62,Clear,Clear conditions throughout the day.,clear-day,"40199099999,40198099999,40340099999,40310099999,62465599999"
wadi run jordan,2008-08-22,40.3,22.6,32.2,38.8,22.6,31.7,13.5,35.65,0,,0,,,,,19.9,298.8,1005,0,9.3,,,0,,2008-08-22T06:10:14,2008-08-22T19:11:35,0.67,Clear,Clear conditions throughout the day.,clear-day,"40199099999,40198099999,40340099999,40310099999,62465599999"
wadi run jordan,2008-08-23,39.4,23.1,32.2,37.4,23.1,31.5,12.1,31.17,0,,0,,,,,23.1,254.3,1003.4,1.9,9.1,,,0,,2008-08-23T06:10:47,2008-08-23T19:10:31,0.73,Clear,Clear conditions throughout the day.,clear-day,"40199099999,40198099999,40340099999,40310099999,62465599999"
wadi run jordan,2008-08-24,38.5,22.1,31,36.3,22.1,30,11.2,33.17,0,,0,,,,,20.1,280.5,1004.6,0,9.2,,,0,,2008-08-24T06:11:20,2008-08-24T19:09:26,0.79,Clear,Clear conditions throughout the day.,clear-day,"40199099999,40198099999,40340099999,40310099999,62465599999"
wadi run jordan,2008-08-25,39.4,22.6,32.1,37.4,22.6,31,8.8,24.63,0,,0,,,,,19.9,235.5,1006.2,0.1,9.3,,,0,,2008-08-25T06:11:53,2008-08-25T19:08:20,0.84,Clear,Clear conditions throughout the day.,clear-day,"40199099999,40198099999,40340099999,40310099999,62465599999"
wadi run jordan,2008-08-26,40.9,23.6,32.9,39.4,23.6,32.2,11.8,29.91,0,,0,,,,,21.6,249,1006.5,0,9.4,,,0,,2008-08-26T06:12:26,2008-08-26T19:07:13,0.89,Clear,Clear conditions throughout the day.,clear-day,"40199099999,40198099999,40340099999,40310099999,62465599999"
wadi run jordan,2008-08-27,41,23.1,32.9,39.4,23.1,32.2,12.6,32.43,0,,0,,,,,19.3,241.8,1005.3,0,9.3,,,0,,2008-08-27T06:12:58,2008-08-27T19:06:06,0.94,Clear,Clear conditions throughout the day.,clear-day,"40199099999,40198099999,40340099999,40310099999,62465599999"
wadi run jordan,2008-08-28,40.8,23.6,33,40.2,23.6,33,14.1,34.01,0,,0,,,,,23.4,243.5,1004.3,8.6,8.8,,,0,,2008-08-28T06:13:31,2008-08-28T19:04:58,0.97,Clear,Clear conditions throughout the day.,clear-day,"40199099999,40198099999,40340099999,40310099999,62465599999"
wadi run jordan,2008-08-29,40.1,25.1,32.9,39.1,25.1,32.8,14.6,34.82,0,,0,,,,,28.2,237.9,1005.4,7.7,8.7,,,0,,2008-08-29T06:14:03,2008-08-29T19:03:50,0.99,Clear,Clear conditions throughout the day.,clear-day,"40199099999,40198099999,40340099999,40310099999,62465599999"
wadi run jordan,2008-08-30,39.7,23.6,32,38.5,23.6,31.7,14.8,38.99,0,,0,,,,,30.7,193.8,1005.8,0.4,8.8,,,0,,2008-08-30T06:14:35,2008-08-30T19:02:41,1,Clear,Clear conditions throughout the day.,wind,"40199099999,40198099999,40340099999,40310099999,62465599999"
wadi run jordan,2008-08-31,38.1,22.6,31,38.9,22.6,31.4,17,46.44,0,,0,,,,,30.9,226.3,1005.9,0.5,8.8,,,0,,2008-08-31T06:15:07,2008-08-31T19:01:32,0,Clear,Clear conditions throughout the day.,wind,"40199099999,40198099999,40340099999,40310099999,62465599999"
wadi run jordan,2008-09-01,37.1,22.6,30.5,38.2,22.6,31.2,17.7,48.71,0,,0,,,,,32.8,206.6,1006.8,2.6,8.7,,,0,,2008-09-01T06:15:39,2008-09-01T19:00:22,0.02,Clear,Clear conditions throughout the day.,wind,"40199099999,40198099999,40340099999,40310099999,62465599999"
